{
    "rulesDirectory": [
        "node_modules/codelyzer"
    ],
    "rules": {
        "class-name": true,
        "comment-format": [
            true,
            "check-space"
        ],
        "indent": [
            true,
            "spaces"
        ],
        "no-duplicate-variable": true,
        "no-eval": true,
        "no-internal-module": true,
        "no-trailing-whitespace": true,
        "no-var-keyword": true,
        "one-line": [
            true,
            "check-open-brace",
            "check-whitespace"
        ],
        "quotemark": [
            true,
            "double"
        ],
        "semicolon": [
            true,
            "always"
        ],
        "triple-equals": [
            true,
            "allow-null-check"
        ],
        "typedef-whitespace": [
            true,
            {
                "call-signature": "nospace",
                "index-signature": "nospace",
                "parameter": "nospace",
                "property-declaration": "nospace",
                "variable-declaration": "nospace"
            }
        ],
        "variable-name": [
            true,
            "ban-keywords"
        ],
        "whitespace": [
            true,
            "check-branch",
            "check-decl",
            "check-operator",
            "check-separator",
            "check-type"
        ],

        "directive-selector-name": [true, "camelCase"],
        "directive-selector-type": [true, "attribute"],
        "directive-selector-prefix": [true, "gr"],
        "component-selector-type": [true, "element"],
        "component-selector-name": [true, "kebab-case"],
        "component-selector-prefix": [true, "gr"],
        // "pipe-naming": [true, "camelCase", "gr"],
        "use-input-property-decorator": true,
        "use-output-property-decorator": true,
        "use-host-property-decorator": true,
        "no-attribute-parameter-decorator": true,
        "no-input-rename": true,
        "no-output-rename": true,
        "no-forward-ref" :true,
        "use-life-cycle-interface": true,
        "use-pipe-transform-interface": true,
        "component-class-suffix": true,
        "directive-class-suffix": true,
        "import-destructuring-spacing": true
    }
}